A,information technology,applications,
A,software engineering,application design,
E,software engineering,application design,
A,software engineering,software development,debugging
A,software engineering,software development,documentation
E,software engineering,software testing,
E,software engineering,application design,user interface design
E,software engineering,application design,user experience design
A,software engineering,application design,consumer applications
A,software engineering,application design,business applications
